Month,Stations,BOD (mg/L),Dissolved Oxygen (mg/L),"Fecal Coliform, MPN/100ml (Geomean)",pH (units),Ammonia (mg/L),Nitrate (mg/L),Inorganic Phospate (mg/L)
2016-01-01,Stn. II (East Bay),,,,,,,
2016-01-01,Stn. IV (Central Bay),,,,,,,
2016-01-01,Stn. V (Northern West Bay),,,,,,,
2016-01-01,Stn. VIII (South Bay),,,,,,,
2016-01-01,Stn. XV (San Pedro),,,,,,,
2016-01-01,Stn. XVI (Sta. Rosa),,,,,,,
2016-01-01,Stn. XVIII (Pagsanjan),,,,,,,
2016-01-01,Stn. I (Central West Bay),,,,,,,
2016-01-01,Stn. XVII (Sanctuary),,,,,,,
2016-02-01,Stn. II (East Bay),2.0,7.9,410.0,8.0,0.057,0.357,0.059
2016-02-01,Stn. IV (Central Bay),1.0,7.8,522.0,7.8,0.036,0.335,0.063
2016-02-01,Stn. V (Northern West Bay),2.0,7.5,360.0,8.0,0.018,0.715,0.135
2016-02-01,Stn. VIII (South Bay),1.0,7.5,435.0,8.0,0.006,0.375,0.098
2016-02-01,Stn. XV (San Pedro),1.0,7.8,820.0,8.0,0.027,0.538,0.067
2016-02-01,Stn. XVI (Sta. Rosa),2.0,8.3,639.0,8.2,0.008,0.285,0.04
2016-02-01,Stn. XVIII (Pagsanjan),2.0,8.3,401.0,8.1,0.024,0.283,0.056
2016-02-01,Stn. I (Central West Bay),,,,,,,
2016-02-01,Stn. XVII (Sanctuary),,,,,,,
2016-03-01,Stn. II (East Bay),1.0,8.4,333.0,8.3,0.264,0.176,0.004
2016-03-01,Stn. IV (Central Bay),1.0,8.3,457.0,8.1,0.019,0.355,0.006
2016-03-01,Stn. V (Northern West Bay),1.0,7.6,357.0,8.0,0.133,0.103,0.037
2016-03-01,Stn. VIII (South Bay),1.0,8.0,672.0,7.8,0.22,0.204,0.001
2016-03-01,Stn. XV (San Pedro),1.0,7.6,485.0,8.1,0.169,0.352,0.03
2016-03-01,Stn. XVI (Sta. Rosa),1.0,8.1,271.0,8.2,0.027,0.559,0.003
2016-03-01,Stn. XVIII (Pagsanjan),1.0,8.5,301.0,7.8,0.024,0.004,0.007
2016-03-01,Stn. I (Central West Bay),1.0,7.6,678.0,8.0,0.045,0.308,0.021
2016-03-01,Stn. XVII (Sanctuary),1.0,7.9,918.0,8.1,0.092,0.192,0.016
2016-04-01,Stn. II (East Bay),1.0,8.3,627.0,8.5,0.085,0.046,0.071
2016-04-01,Stn. IV (Central Bay),1.0,8.6,125.0,8.7,0.129,0.039,0.104
2016-04-01,Stn. V (Northern West Bay),1.0,7.5,125.0,8.9,0.083,0.087,0.102
2016-04-01,Stn. VIII (South Bay),1.0,8.3,428.0,8.5,0.094,0.081,0.084
2016-04-01,Stn. XV (San Pedro),2.0,8.6,201.0,8.3,0.088,0.128,0.103
2016-04-01,Stn. XVI (Sta. Rosa),1.0,8.1,165.0,8.3,0.081,0.102,0.087
2016-04-01,Stn. XVIII (Pagsanjan),1.0,8.5,110.0,8.7,0.068,0.096,0.031
2016-04-01,Stn. I (Central West Bay),1.0,8.6,144.0,8.7,0.152,0.065,0.125
2016-04-01,Stn. XVII (Sanctuary),1.0,8.3,294.0,8.6,0.058,0.088,0.089
2016-05-01,Stn. II (East Bay),,,,,,,
2016-05-01,Stn. IV (Central Bay),1.0,6.8,117.0,8.3,0.05,0.002,0.103
2016-05-01,Stn. V (Northern West Bay),,,,,,,
2016-05-01,Stn. VIII (South Bay),1.0,7.9,620.0,8.3,0.055,0.001,0.077
2016-05-01,Stn. XV (San Pedro),3.0,6.9,185.0,8.2,0.074,0.019,0.069
2016-05-01,Stn. XVI (Sta. Rosa),2.0,7.7,107.0,8.3,0.054,0.036,0.067
2016-05-01,Stn. XVIII (Pagsanjan),4.0,10.0,51.0,9.4,0.056,0.004,0.004
2016-05-01,Stn. I (Central West Bay),1.0,6.4,144.0,8.3,0.236,0.001,0.147
2016-05-01,Stn. XVII (Sanctuary),2.0,7.5,86.0,8.1,0.079,0.051,0.066
2016-06-01,Stn. II (East Bay),,,,,,,
2016-06-01,Stn. IV (Central Bay),3.0,9.5,117.0,9.6,0.051,0.051,0.149
2016-06-01,Stn. V (Northern West Bay),3.0,9.5,363.0,9.0,0.336,0.069,0.19
2016-06-01,Stn. VIII (South Bay),3.0,8.9,709.0,9.4,0.054,0.684,0.095
2016-06-01,Stn. XV (San Pedro),3.0,7.6,208.0,8.9,0.067,0.77,0.12
2016-06-01,Stn. XVI (Sta. Rosa),2.0,7.7,83.0,9.0,0.042,0.165,0.087
2016-06-01,Stn. XVIII (Pagsanjan),4.0,9.1,26.0,9.4,0.031,0.798,0.12
2016-06-01,Stn. I (Central West Bay),,,,,,,
2016-06-01,Stn. XVII (Sanctuary),3.0,8.9,35.0,9.3,0.047,0.372,0.073
2016-07-01,Stn. II (East Bay),1.0,9.7,586.0,9.5,0.015,0.574,0.179
2016-07-01,Stn. IV (Central Bay),,,,,,,
2016-07-01,Stn. V (Northern West Bay),2.0,6.3,793.0,8.9,0.067,0.11,0.048
2016-07-01,Stn. VIII (South Bay),1.0,8.1,517.0,9.0,0.031,0.001,0.143
2016-07-01,Stn. XV (San Pedro),,,,,,,
2016-07-01,Stn. XVI (Sta. Rosa),2.0,7.5,136.0,8.7,0.039,0.001,0.074
2016-07-01,Stn. XVIII (Pagsanjan),3.0,9.4,38.0,9.6,0.001,0.038,0.001
2016-07-01,Stn. I (Central West Bay),2.0,7.3,185.0,8.8,0.025,0.068,0.134
2016-07-01,Stn. XVII (Sanctuary),2.0,7.8,41.0,8.8,0.028,0.001,0.134
2016-08-01,Stn. II (East Bay),2.0,6.8,665.0,8.9,0.181,0.271,0.001
2016-08-01,Stn. IV (Central Bay),2.0,7.3,121.0,8.6,0.183,0.142,0.014
2016-08-01,Stn. V (Northern West Bay),,,,,,,
2016-08-01,Stn. VIII (South Bay),2.0,7.6,586.0,9.1,0.069,0.028,0.001
2016-08-01,Stn. XV (San Pedro),2.0,6.5,418.0,8.9,0.07,0.301,0.008
2016-08-01,Stn. XVI (Sta. Rosa),7.0,7.4,211.0,8.8,0.033,0.001,0.009
2016-08-01,Stn. XVIII (Pagsanjan),3.0,6.7,99.0,8.9,0.256,0.041,0.001
2016-08-01,Stn. I (Central West Bay),3.0,5.5,126.0,8.1,0.313,0.382,0.235
2016-08-01,Stn. XVII (Sanctuary),2.0,7.3,46.0,8.9,0.025,0.037,0.005
2016-09-01,Stn. II (East Bay),2.0,9.0,754.0,9.0,0.048,0.022,0.011
2016-09-01,Stn. IV (Central Bay),,,,,,,
2016-09-01,Stn. V (Northern West Bay),,,,,,,
2016-09-01,Stn. VIII (South Bay),2.0,8.8,272.0,9.0,0.001,0.109,0.045
2016-09-01,Stn. XV (San Pedro),3.0,8.7,418.0,8.7,0.001,0.069,0.072
2016-09-01,Stn. XVI (Sta. Rosa),4.0,10.2,211.0,9.0,0.011,0.037,0.036
2016-09-01,Stn. XVIII (Pagsanjan),2.0,9.4,194.0,9.4,0.013,0.031,0.007
2016-09-01,Stn. I (Central West Bay),3.0,7.3,335.0,7.8,0.076,0.728,0.134
2016-09-01,Stn. XVII (Sanctuary),,,,,,,
2016-10-01,Stn. II (East Bay),3.0,10.0,213.0,9.2,0.045,0.035,0.016
2016-10-01,Stn. IV (Central Bay),2.0,8.9,49.0,8.9,0.034,0.046,0.07
2016-10-01,Stn. V (Northern West Bay),4.0,6.3,478.0,7.8,0.236,0.463,0.133
2016-10-01,Stn. VIII (South Bay),1.0,8.5,309.0,8.0,0.008,0.034,0.066
2016-10-01,Stn. XV (San Pedro),1.0,5.9,140.0,7.6,0.181,0.035,0.089
2016-10-01,Stn. XVI (Sta. Rosa),1.0,5.8,211.0,7.7,0.22,0.055,0.121
2016-10-01,Stn. XVIII (Pagsanjan),1.0,9.3,76.0,9.0,0.1,0.036,0.021
2016-10-01,Stn. I (Central West Bay),,,,,,,
2016-10-01,Stn. XVII (Sanctuary),1.0,7.6,101.0,8.8,0.093,0.091,0.074
2016-11-01,Stn. II (East Bay),1.0,7.2,153.0,8.55,0.32,0.255,0.051
2016-11-01,Stn. IV (Central Bay),1.0,7.4,26.0,8.65,0.052,0.545,0.251
2016-11-01,Stn. V (Northern West Bay),2.0,7.5,558.0,8.1,0.048,0.038,0.258
2016-11-01,Stn. VIII (South Bay),2.0,8.1,272.0,8.15,0.032,0.308,0.258
2016-11-01,Stn. XV (San Pedro),3.0,6.8,309.0,8.3,0.155,0.184,0.208
2016-11-01,Stn. XVI (Sta. Rosa),2.0,9.8,268.0,8.1,0.002,0.14,0.168
2016-11-01,Stn. XVIII (Pagsanjan),1.0,6.6,110.0,8.7,0.049,0.314,0.222
2016-11-01,Stn. I (Central West Bay),2.0,7.8,179.0,7.9,0.065,0.131,0.031
2016-11-01,Stn. XVII (Sanctuary),2.0,7.9,196.0,8.8,0.045,0.127,0.244
2016-12-01,Stn. II (East Bay),2.0,7.6,51.0,7.9,0.024,0.141,0.122
2016-12-01,Stn. IV (Central Bay),1.0,7.7,21.0,8.4,0.027,0.001,0.165
2016-12-01,Stn. V (Northern West Bay),2.0,6.8,426.0,8.4,0.012,0.039,0.181
2016-12-01,Stn. VIII (South Bay),1.0,7.2,125.0,8.3,0.013,0.238,0.116
2016-12-01,Stn. XV (San Pedro),3.0,9.6,141.0,9.0,0.001,0.028,0.111
2016-12-01,Stn. XVI (Sta. Rosa),4.0,8.5,268.0,8.5,0.001,0.014,0.075
2016-12-01,Stn. XVIII (Pagsanjan),1.0,7.6,57.0,8.4,0.001,0.248,0.113
2016-12-01,Stn. I (Central West Bay),1.0,6.5,37.0,7.9,0.077,0.121,0.149
2016-12-01,Stn. XVII (Sanctuary),2.0,7.7,110.0,8.8,0.013,0.089,0.013
2017-01-01,Stn. II (East Bay),1.0,7.7,116.0,8.0,0.001,0.343,0.084
2017-01-01,Stn. IV (Central Bay),1.0,8.1,32.0,8.3,0.001,0.149,0.072
2017-01-01,Stn. V (Northern West Bay),1.0,8.5,272.0,8.1,0.001,0.344,0.181
2017-01-01,Stn. VIII (South Bay),1.0,7.6,90.0,8.0,0.001,0.335,0.101
2017-01-01,Stn. XV (San Pedro),1.0,8.2,96.0,8.6,0.001,0.379,0.108
2017-01-01,Stn. XVI (Sta. Rosa),1.0,7.7,102.0,8.4,0.001,0.001,0.088
2017-01-01,Stn. XVIII (Pagsanjan),1.0,7.7,73.0,7.8,0.001,0.393,0.066
2017-01-01,Stn. I (Central West Bay),1.0,7.9,60.0,8.4,0.001,0.223,0.087
2017-01-01,Stn. XVII (Sanctuary),3.0,9.6,76.0,8.7,0.001,0.19,0.057
2017-02-01,Stn. II (East Bay),,,,,,,
2017-02-01,Stn. IV (Central Bay),,,,,,,
2017-02-01,Stn. V (Northern West Bay),,,,,,,
2017-02-01,Stn. VIII (South Bay),,,,,,,
2017-02-01,Stn. XV (San Pedro),2.0,8.8,85.0,8.4,0.034,0.509,0.131
2017-02-01,Stn. XVI (Sta. Rosa),,,,,,,
2017-02-01,Stn. XVIII (Pagsanjan),1.0,7.8,73.0,7.9,0.033,0.54,0.16
2017-02-01,Stn. I (Central West Bay),1.0,7.6,163.0,8.0,0.16,0.405,0.238
2017-02-01,Stn. XVII (Sanctuary),,,,,,,
2017-03-01,Stn. II (East Bay),2.0,9.4,290.0,8.4,0.1,0.197,0.049
2017-03-01,Stn. IV (Central Bay),2.0,8.4,166.0,8.0,0.033,0.372,0.088
2017-03-01,Stn. V (Northern West Bay),2.0,9.0,214.0,7.9,0.046,0.373,0.098
2017-03-01,Stn. VIII (South Bay),1.0,9.1,344.0,8.2,0.024,0.24,0.076
2017-03-01,Stn. XV (San Pedro),2.0,9.1,210.0,8.1,0.023,0.205,0.079
2017-03-01,Stn. XVI (Sta. Rosa),1.0,9.6,159.0,8.5,0.034,0.285,0.066
2017-03-01,Stn. XVIII (Pagsanjan),2.0,9.4,88.0,8.3,0.25,0.001,0.023
2017-03-01,Stn. I (Central West Bay),2.0,8.9,512.0,7.9,0.009,0.267,0.069
2017-03-01,Stn. XVII (Sanctuary),2.0,8.5,188.0,8.3,0.023,0.221,0.072
2017-04-01,Stn. II (East Bay),3.0,7.2,624.0,7.8,0.038,0.021,0.156
2017-04-01,Stn. IV (Central Bay),3.0,6.9,240.0,7.8,0.03,0.144,0.143
2017-04-01,Stn. V (Northern West Bay),3.0,6.3,214.0,7.9,0.048,0.154,0.174
2017-04-01,Stn. VIII (South Bay),2.0,7.1,552.0,7.8,0.048,0.034,0.253
2017-04-01,Stn. XV (San Pedro),3.0,6.9,27.0,7.8,0.062,0.09,0.263
2017-04-01,Stn. XVI (Sta. Rosa),2.0,6.9,196.0,7.8,0.047,0.094,0.236
2017-04-01,Stn. XVIII (Pagsanjan),3.0,7.4,151.0,7.8,0.073,0.016,0.29
2017-04-01,Stn. I (Central West Bay),,,,,,,
2017-04-01,Stn. XVII (Sanctuary),2.0,7.0,272.0,7.9,0.051,0.004,0.169
2017-05-01,Stn. II (East Bay),,,,,,,
2017-05-01,Stn. IV (Central Bay),3.0,8.4,314.0,8.7,0.026,0.001,0.067
2017-05-01,Stn. V (Northern West Bay),,,,,,,
2017-05-01,Stn. VIII (South Bay),3.0,7.5,482.0,8.0,0.041,0.001,0.096
2017-05-01,Stn. XV (San Pedro),3.0,7.9,426.0,8.3,0.022,0.013,0.02
2017-05-01,Stn. XVI (Sta. Rosa),2.0,7.0,306.0,8.0,0.043,0.001,0.078
2017-05-01,Stn. XVIII (Pagsanjan),3.0,8.4,426.0,8.3,0.019,0.001,0.071
2017-05-01,Stn. I (Central West Bay),2.0,7.3,586.0,8.3,0.143,0.001,0.288
2017-05-01,Stn. XVII (Sanctuary),4.0,7.6,586.0,8.2,0.016,0.001,0.088
2017-06-01,Stn. II (East Bay),2.0,7.1,485.0,8.2,0.02,0.001,0.165
2017-06-01,Stn. IV (Central Bay),2.0,8.1,185.0,8.3,0.027,0.022,0.252
2017-06-01,Stn. V (Northern West Bay),3.0,9.7,268.0,8.1,0.028,0.238,0.359
2017-06-01,Stn. VIII (South Bay),2.0,8.6,482.0,8.4,0.001,0.001,0.092
2017-06-01,Stn. XV (San Pedro),3.0,8.7,259.0,8.3,0.025,0.001,0.151
2017-06-01,Stn. XVI (Sta. Rosa),2.0,9.0,217.0,8.4,0.003,0.001,0.143
2017-06-01,Stn. XVIII (Pagsanjan),2.0,8.6,352.0,9.0,0.016,0.042,0.155
2017-06-01,Stn. I (Central West Bay),4.0,8.7,268.0,8.6,0.23,0.224,0.31
2017-06-01,Stn. XVII (Sanctuary),2.0,10.2,303.0,8.5,0.001,0.001,0.132
2017-07-01,Stn. II (East Bay),2.0,6.9,271.0,7.9,0.07,0.52,0.17
2017-07-01,Stn. IV (Central Bay),4.0,9.0,210.0,8.6,0.053,0.032,0.31
2017-07-01,Stn. V (Northern West Bay),,,,,,,
2017-07-01,Stn. VIII (South Bay),2.0,8.1,48.0,8.1,0.047,0.015,0.06
2017-07-01,Stn. XV (San Pedro),3.0,7.4,488.0,7.9,0.056,0.019,0.1
2017-07-01,Stn. XVI (Sta. Rosa),2.0,8.0,467.0,8.3,0.103,0.02,0.12
2017-07-01,Stn. XVIII (Pagsanjan),4.0,9.3,245.0,8.5,0.059,0.022,0.15
2017-07-01,Stn. I (Central West Bay),2.0,8.7,163.0,8.2,0.058,0.031,0.11
2017-07-01,Stn. XVII (Sanctuary),4.0,8.1,343.0,8.1,0.048,0.012,0.15
2017-08-01,Stn. II (East Bay),3.0,9.6,271.0,8.6,0.089,0.184,0.105
2017-08-01,Stn. IV (Central Bay),,,,,,,
2017-08-01,Stn. V (Northern West Bay),3.0,11.0,406.0,8.8,0.025,0.001,0.087
2017-08-01,Stn. VIII (South Bay),4.0,11.6,256.0,9.0,0.026,0.001,0.103
2017-08-01,Stn. XV (San Pedro),2.0,9.6,354.0,8.7,0.023,0.026,0.107
2017-08-01,Stn. XVI (Sta. Rosa),2.0,9.4,298.0,8.5,0.031,0.001,0.089
2017-08-01,Stn. XVIII (Pagsanjan),4.0,9.9,172.0,8.6,0.021,0.02,0.035
2017-08-01,Stn. I (Central West Bay),3.0,9.4,163.0,8.6,0.099,0.018,0.076
2017-08-01,Stn. XVII (Sanctuary),,,,,,,
2017-09-01,Stn. II (East Bay),3.0,9.5,592.0,8.7,0.003,0.001,0.099
2017-09-01,Stn. IV (Central Bay),,,,,,,
2017-09-01,Stn. V (Northern West Bay),,,,,,,
2017-09-01,Stn. VIII (South Bay),5.0,10.3,357.0,8.7,0.001,0.006,0.168
2017-09-01,Stn. XV (San Pedro),9.0,10.4,234.0,8.8,0.001,0.001,0.235
2017-09-01,Stn. XVI (Sta. Rosa),,,,,,,
2017-09-01,Stn. XVIII (Pagsanjan),2.0,9.7,172.0,8.4,0.005,0.003,0.041
2017-09-01,Stn. I (Central West Bay),3.0,7.3,291.0,8.2,0.001,0.206,0.154
2017-09-01,Stn. XVII (Sanctuary),4.0,8.7,272.0,8.3,0.001,0.001,0.252
2017-10-01,Stn. II (East Bay),2.0,8.4,256.0,8.3,0.037,0.06,0.008
2017-10-01,Stn. IV (Central Bay),2.0,7.6,166.0,8.0,0.022,0.212,0.178
2017-10-01,Stn. V (Northern West Bay),,,,,,,
2017-10-01,Stn. VIII (South Bay),5.0,10.8,140.0,9.2,0.061,0.001,0.077
2017-10-01,Stn. XV (San Pedro),4.0,5.6,96.0,7.7,0.043,0.217,0.18
2017-10-01,Stn. XVI (Sta. Rosa),4.0,7.8,678.0,9.3,0.038,0.023,0.18
2017-10-01,Stn. XVIII (Pagsanjan),3.0,8.5,90.0,8.0,0.03,0.001,0.036
2017-10-01,Stn. I (Central West Bay),3.0,6.9,222.0,8.2,0.054,0.046,0.177
2017-10-01,Stn. XVII (Sanctuary),7.0,7.8,240.0,8.2,0.031,0.001,0.131
2017-11-01,Stn. II (East Bay),1.0,8.6,368.0,7.9,0.059,0.137,0.031
2017-11-01,Stn. IV (Central Bay),2.0,6.5,166.0,7.7,0.045,0.453,0.167
2017-11-01,Stn. V (Northern West Bay),,,,,,,
2017-11-01,Stn. VIII (South Bay),2.0,7.8,159.0,8.1,0.038,0.216,0.1
2017-11-01,Stn. XV (San Pedro),2.0,6.2,111.0,7.7,0.036,0.334,0.111
2017-11-01,Stn. XVI (Sta. Rosa),2.0,7.5,678.0,8.2,0.028,0.182,0.077
2017-11-01,Stn. XVIII (Pagsanjan),1.0,8.8,90.0,8.1,0.021,0.06,0.02
2017-11-01,Stn. I (Central West Bay),3.0,6.6,196.0,7.8,0.131,0.361,0.208
2017-11-01,Stn. XVII (Sanctuary),1.0,7.4,240.0,7.9,0.028,0.264,0.107
2017-12-01,Stn. II (East Bay),2.0,8.6,190.0,7.9,0.016,0.032,0.022
2017-12-01,Stn. IV (Central Bay),1.0,6.5,114.0,7.7,0.091,0.617,0.252
2017-12-01,Stn. V (Northern West Bay),3.0,5.9,478.0,7.6,0.017,0.132,0.116
2017-12-01,Stn. VIII (South Bay),2.0,7.8,140.0,8.1,0.001,0.205,0.119
2017-12-01,Stn. XV (San Pedro),0.5,6.2,242.0,7.7,0.007,0.046,0.096
2017-12-01,Stn. XVI (Sta. Rosa),1.0,7.5,240.0,8.2,0.004,0.153,0.119
2017-12-01,Stn. XVIII (Pagsanjan),2.0,8.8,101.0,8.1,0.008,0.006,0.026
2017-12-01,Stn. I (Central West Bay),2.0,6.6,196.0,7.8,0.022,0.263,0.147
2017-12-01,Stn. XVII (Sanctuary),2.0,7.4,166.0,7.9,0.023,0.062,0.104
2018-01-01,Stn. II (East Bay),,,,,,,
2018-01-01,Stn. IV (Central Bay),2.0,8.1,12.0,7.9,0.029,0.389,0.147
2018-01-01,Stn. V (Northern West Bay),1.0,7.4,29.0,8.0,0.027,0.478,0.172
2018-01-01,Stn. VIII (South Bay),1.0,7.6,36.0,7.7,0.011,0.44,0.197
2018-01-01,Stn. XV (San Pedro),0.5,8.6,14.0,8.0,0.006,0.396,0.133
2018-01-01,Stn. XVI (Sta. Rosa),1.1,8.6,9.0,8.3,0.027,0.402,0.153
2018-01-01,Stn. XVIII (Pagsanjan),0.5,8.4,9.0,8.1,0.012,0.375,0.133
2018-01-01,Stn. I (Central West Bay),0.5,7.8,8.0,7.9,0.221,0.666,0.175
2018-01-01,Stn. XVII (Sanctuary),1.1,8.4,22.0,8.2,0.006,0.376,0.129
2018-02-01,Stn. II (East Bay),0.5,8.5,7.0,8.0,0.043,0.392,0.132
2018-02-01,Stn. IV (Central Bay),1.0,8.3,14.0,8.1,0.011,0.513,0.205
2018-02-01,Stn. V (Northern West Bay),1.0,8.7,19.0,8.3,0.036,0.462,0.207
2018-02-01,Stn. VIII (South Bay),2.0,7.7,73.0,8.0,0.175,0.565,0.188
2018-02-01,Stn. XV (San Pedro),3.0,9.7,14.0,8.7,0.007,0.407,0.174
2018-02-01,Stn. XVI (Sta. Rosa),2.0,9.7,4.0,8.7,0.001,0.367,0.166
2018-02-01,Stn. XVIII (Pagsanjan),1.0,8.4,6.0,8.1,0.001,0.326,0.105
2018-02-01,Stn. I (Central West Bay),1.0,8.3,5.0,8.2,0.016,0.459,0.208
2018-02-01,Stn. XVII (Sanctuary),1.0,9.2,22.0,8.7,0.001,0.352,0.157
2018-03-01,Stn. II (East Bay),2.0,8.4,7.0,8.3,0.062,0.259,0.138
2018-03-01,Stn. IV (Central Bay),2.0,8.1,10.0,8.2,0.015,0.326,0.173
2018-03-01,Stn. V (Northern West Bay),2.0,9.5,17.0,8.0,0.01,0.05,0.152
2018-03-01,Stn. VIII (South Bay),2.0,8.2,54.0,8.2,0.016,0.276,0.141
2018-03-01,Stn. XV (San Pedro),2.0,8.2,16.0,8.3,0.017,0.242,0.14
2018-03-01,Stn. XVI (Sta. Rosa),2.0,8.7,4.0,8.2,0.022,0.222,0.118
2018-03-01,Stn. XVIII (Pagsanjan),4.0,8.6,6.0,8.2,0.021,0.05,0.142
2018-03-01,Stn. I (Central West Bay),,,,,,,
2018-03-01,Stn. XVII (Sanctuary),2.0,8.2,14.0,8.0,0.01,0.359,0.168
2018-04-01,Stn. II (East Bay),1.0,8.1,3.5,8.1,0.008,0.05,0.104
2018-04-01,Stn. IV (Central Bay),1.0,8.0,16.9,8.2,0.025,0.05,0.15
2018-04-01,Stn. V (Northern West Bay),5.0,6.8,17.3,8.4,0.285,0.258,0.268
2018-04-01,Stn. VIII (South Bay),0.5,7.9,127.2,8.1,0.035,0.05,0.153
2018-04-01,Stn. XV (San Pedro),0.5,8.4,5.6,8.6,0.025,0.05,0.149
2018-04-01,Stn. XVI (Sta. Rosa),2.0,8.6,4.4,8.5,0.008,0.05,0.138
2018-04-01,Stn. XVIII (Pagsanjan),2.0,8.3,7.2,8.4,0.018,0.05,0.113
2018-04-01,Stn. I (Central West Bay),2.0,7.7,2.5,7.9,0.031,0.138,0.185
2018-04-01,Stn. XVII (Sanctuary),1.0,7.9,4.4,8.3,0.011,0.05,0.158
2018-05-01,Stn. II (East Bay),0.5,7.5,4.2,8.1,0.045,0.05,0.104
2018-05-01,Stn. IV (Central Bay),0.5,7.0,7.6,8.1,0.06,0.05,0.184
2018-05-01,Stn. V (Northern West Bay),4.0,10.6,7.7,8.7,0.055,0.505,0.245
2018-05-01,Stn. VIII (South Bay),1.0,8.3,72.0,8.3,0.027,0.05,0.13
2018-05-01,Stn. XV (San Pedro),1.0,8.3,4.7,8.4,0.054,0.05,0.142
2018-05-01,Stn. XVI (Sta. Rosa),1.0,8.4,9.7,8.5,0.041,0.05,0.116
2018-05-01,Stn. XVIII (Pagsanjan),0.5,7.9,9.4,8.3,0.024,0.05,0.09
2018-05-01,Stn. I (Central West Bay),2.0,8.6,2.5,8.5,0.022,0.109,0.135
2018-05-01,Stn. XVII (Sanctuary),0.5,7.2,7.0,8.3,0.041,0.05,0.115
2018-06-01,Stn. II (East Bay),,,,,,,
2018-06-01,Stn. IV (Central Bay),3.0,8.3,5.6,8.8,0.011,0.05,0.184
2018-06-01,Stn. V (Northern West Bay),3.0,10.0,26.4,8.8,0.062,0.05,0.203
2018-06-01,Stn. VIII (South Bay),2.0,9.3,59.2,8.9,0.016,0.235,0.123
2018-06-01,Stn. XV (San Pedro),2.0,8.2,5.0,9.7,0.008,0.177,0.144
2018-06-01,Stn. XVI (Sta. Rosa),2.0,8.2,8.5,8.7,0.005,0.05,0.14
2018-06-01,Stn. XVIII (Pagsanjan),,,,,,,
2018-06-01,Stn. I (Central West Bay),7.0,7.6,4.5,8.5,0.067,0.05,0.27
2018-06-01,Stn. XVII (Sanctuary),2.0,8.6,5.6,8.9,0.008,0.137,0.18
2018-07-01,Stn. II (East Bay),7.0,8.3,5.3,9.1,0.056,0.05,0.087
2018-07-01,Stn. IV (Central Bay),3.0,9.0,1.9,9.4,0.001,0.05,0.104
2018-07-01,Stn. V (Northern West Bay),4.0,7.8,18.3,9.0,0.002,0.05,0.129
2018-07-01,Stn. VIII (South Bay),,,,,,,
2018-07-01,Stn. XV (San Pedro),3.0,7.9,20.4,8.5,0.001,0.05,0.09
2018-07-01,Stn. XVI (Sta. Rosa),2.0,8.1,5.5,8.8,0.001,0.05,0.082
2018-07-01,Stn. XVIII (Pagsanjan),3.0,9.5,4.5,9.5,0.001,0.05,0.047
2018-07-01,Stn. I (Central West Bay),8.0,9.0,7.1,9.7,0.043,0.05,0.111
2018-07-01,Stn. XVII (Sanctuary),3.0,8.0,3.0,8.9,0.046,0.05,0.088
2018-08-01,Stn. II (East Bay),2.0,6.8,3.3,8.7,0.036,0.057,0.102
2018-08-01,Stn. IV (Central Bay),2.0,8.5,1.8,9.1,0.061,0.004,0.19
2018-08-01,Stn. V (Northern West Bay),3.0,8.2,51.8,8.6,0.023,0.428,0.136
2018-08-01,Stn. VIII (South Bay),1.0,6.4,2.8,8.5,0.001,0.073,0.133
2018-08-01,Stn. XV (San Pedro),3.0,7.6,81.2,8.5,0.009,0.161,0.142
2018-08-01,Stn. XVI (Sta. Rosa),2.0,8.2,10.2,8.6,0.008,0.092,0.193
2018-08-01,Stn. XVIII (Pagsanjan),2.0,8.8,5.4,9.2,0.014,0.111,0.041
2018-08-01,Stn. I (Central West Bay),2.0,5.6,16.0,7.9,0.088,0.594,0.135
2018-08-01,Stn. XVII (Sanctuary),1.0,7.8,1.9,8.9,0.05,0.103,0.148
2018-09-01,Stn. II (East Bay),3.0,9.5,4.5,8.7,0.061,0.05,0.062
2018-09-01,Stn. IV (Central Bay),2.0,8.8,1.9,8.7,0.066,0.504,0.137
2018-09-01,Stn. V (Northern West Bay),,,,,,,
2018-09-01,Stn. VIII (South Bay),,,,,,,
2018-09-01,Stn. XV (San Pedro),,,,,,,
2018-09-01,Stn. XVI (Sta. Rosa),2.0,10.7,16.7,9.0,0.001,0.844,0.078
2018-09-01,Stn. XVIII (Pagsanjan),2.0,9.1,4.1,8.8,0.014,0.05,0.025
2018-09-01,Stn. I (Central West Bay),7.0,10.5,7.1,9.0,0.011,0.05,0.061
2018-09-01,Stn. XVII (Sanctuary),,,,,,,
2018-10-01,Stn. II (East Bay),2.0,7.6,3.3,8.5,0.031,0.05,0.117
2018-10-01,Stn. IV (Central Bay),2.0,6.6,1.9,8.6,0.023,0.05,0.146
2018-10-01,Stn. V (Northern West Bay),1.0,6.9,21.5,8.4,0.021,0.05,0.117
2018-10-01,Stn. VIII (South Bay),2.0,8.4,39.1,8.5,0.026,0.42,0.096
2018-10-01,Stn. XV (San Pedro),2.0,8.2,21.3,8.7,0.017,0.05,0.08
2018-10-01,Stn. XVI (Sta. Rosa),2.0,8.4,16.7,8.8,0.021,0.05,0.099
2018-10-01,Stn. XVIII (Pagsanjan),2.0,8.3,4.1,8.6,0.013,0.05,0.015
2018-10-01,Stn. I (Central West Bay),2.0,7.1,4.5,8.7,0.05,0.05,0.107
2018-10-01,Stn. XVII (Sanctuary),3.0,7.5,3.6,8.7,0.025,0.05,0.134
2018-11-01,Stn. II (East Bay),2.0,7.3,5.7,8.4,0.017,0.05,0.077
2018-11-01,Stn. IV (Central Bay),2.0,7.2,2.0,8.7,0.015,0.05,0.08
2018-11-01,Stn. V (Northern West Bay),5.0,10.0,18.1,8.9,0.015,0.05,0.039
2018-11-01,Stn. VIII (South Bay),2.0,6.3,244.7,7.9,0.038,0.073,0.12
2018-11-01,Stn. XV (San Pedro),3.0,6.8,4.5,8.5,0.011,0.112,0.079
2018-11-01,Stn. XVI (Sta. Rosa),2.0,7.2,4.0,8.3,0.001,0.05,0.083
2018-11-01,Stn. XVIII (Pagsanjan),2.0,7.6,6.2,8.3,0.003,0.05,0.023
2018-11-01,Stn. I (Central West Bay),4.0,6.9,4.5,8.4,0.033,0.02,0.081
2018-11-01,Stn. XVII (Sanctuary),1.0,6.7,8.3,8.1,0.016,0.05,0.061
2018-12-01,Stn. II (East Bay),1.0,7.7,4.2,8.5,0.011,0.054,0.079
2018-12-01,Stn. IV (Central Bay),1.0,8.1,4.2,8.4,0.028,0.53,0.075
2018-12-01,Stn. V (Northern West Bay),2.0,8.0,8.1,8.9,0.039,0.174,0.129
2018-12-01,Stn. VIII (South Bay),1.0,6.9,207.4,8.2,0.027,0.326,0.171
2018-12-01,Stn. XV (San Pedro),1.0,8.7,10.4,8.7,0.026,0.074,0.097
2018-12-01,Stn. XVI (Sta. Rosa),2.0,8.4,1.9,8.8,0.028,0.085,0.087
2018-12-01,Stn. XVIII (Pagsanjan),1.0,8.6,7.9,8.8,0.023,0.043,0.044
2018-12-01,Stn. I (Central West Bay),2.0,8.1,4.4,8.6,0.053,0.123,0.098
2018-12-01,Stn. XVII (Sanctuary),2.0,8.4,5.8,8.8,0.02,0.07,0.075
2019-01-01,Stn. II (East Bay),3.0,7.6,23.0,8.2,0.113,0.346,0.061
2019-01-01,Stn. IV (Central Bay),4.0,7.5,32.0,7.9,0.118,0.232,0.071
2019-01-01,Stn. V (Northern West Bay),4.0,7.5,42.0,8.2,0.081,0.207,0.088
2019-01-01,Stn. VIII (South Bay),3.0,7.6,33.0,8.2,0.058,0.25,0.057
2019-01-01,Stn. XV (San Pedro),3.0,7.9,100.0,8.1,0.043,0.385,0.075
2019-01-01,Stn. XVI (Sta. Rosa),4.0,8.3,47.0,8.3,0.05,0.276,0.069
2019-01-01,Stn. XVIII (Pagsanjan),4.0,7.4,80.0,7.7,0.04,0.497,0.034
2019-01-01,Stn. I (Central West Bay),3.0,7.1,44.0,8.0,0.118,0.274,0.038
2019-01-01,Stn. XVII (Sanctuary),3.0,7.1,65.0,8.3,0.095,0.241,0.05
2019-02-01,Stn. II (East Bay),3.0,7.7,23.0,8.2,0.048,0.239,0.061
2019-02-01,Stn. IV (Central Bay),4.0,7.0,32.0,8.2,0.113,0.05,0.071
2019-02-01,Stn. V (Northern West Bay),5.0,8.1,44.0,8.3,0.027,0.418,0.088
2019-02-01,Stn. VIII (South Bay),1.0,8.3,33.0,8.2,0.027,0.146,0.057
2019-02-01,Stn. XV (San Pedro),3.0,7.6,52.0,8.2,0.028,0.05,0.075
2019-02-01,Stn. XVI (Sta. Rosa),3.0,8.0,46.0,8.6,0.03,0.05,0.069
2019-02-01,Stn. XVIII (Pagsanjan),3.0,7.8,77.0,7.9,0.026,0.434,0.034
2019-02-01,Stn. I (Central West Bay),3.0,7.3,66.0,8.0,0.158,0.153,0.087
2019-02-01,Stn. XVII (Sanctuary),1.0,7.7,50.0,8.4,0.036,0.05,0.05
2019-03-01,Stn. II (East Bay),2.0,8.2,31.0,8.7,0.067,0.05,0.095
2019-03-01,Stn. IV (Central Bay),3.0,7.7,25.0,8.6,0.083,0.05,0.032
2019-03-01,Stn. V (Northern West Bay),2.0,7.5,19.0,8.8,0.078,0.05,0.065
2019-03-01,Stn. VIII (South Bay),3.0,8.2,18.0,8.7,0.034,0.05,0.032
2019-03-01,Stn. XV (San Pedro),3.0,8.2,25.0,8.8,0.04,0.05,0.046
2019-03-01,Stn. XVI (Sta. Rosa),3.0,8.6,28.0,8.7,0.055,0.05,0.05
2019-03-01,Stn. XVIII (Pagsanjan),3.0,8.2,29.0,8.6,0.042,0.05,0.017
2019-03-01,Stn. I (Central West Bay),3.0,7.7,36.0,8.7,0.222,0.05,0.055
2019-03-01,Stn. XVII (Sanctuary),3.0,7.8,30.0,8.8,0.04,0.05,0.024
2019-04-01,Stn. II (East Bay),3.0,7.5,16.0,8.4,0.018,0.05,0.051
2019-04-01,Stn. IV (Central Bay),2.0,7.3,7.0,8.2,0.017,0.05,0.093
2019-04-01,Stn. V (Northern West Bay),2.0,7.3,13.0,8.4,0.042,0.05,0.124
2019-04-01,Stn. VIII (South Bay),2.0,7.4,7.0,8.4,0.02,0.05,0.073
2019-04-01,Stn. XV (San Pedro),4.0,8.2,23.0,8.9,0.015,0.05,0.093
2019-04-01,Stn. XVI (Sta. Rosa),3.0,7.6,4.0,8.5,0.012,0.05,0.067
2019-04-01,Stn. XVIII (Pagsanjan),3.0,7.8,9.0,8.5,0.014,0.05,0.062
2019-04-01,Stn. I (Central West Bay),3.0,7.8,4.0,8.9,0.086,0.05,0.133
2019-04-01,Stn. XVII (Sanctuary),0.5,7.3,5.0,8.1,0.005,0.05,0.065
2019-05-01,Stn. II (East Bay),3.0,5.9,18.0,8.7,0.271,0.05,0.108
2019-05-01,Stn. IV (Central Bay),3.0,6.6,11.0,8.4,0.065,0.05,0.109
2019-05-01,Stn. V (Northern West Bay),,,,,,,
2019-05-01,Stn. VIII (South Bay),3.0,6.2,43.0,8.3,0.117,0.05,0.093
2019-05-01,Stn. XV (San Pedro),,,,,,,
2019-05-01,Stn. XVI (Sta. Rosa),2.0,7.4,8.0,9.0,0.11,0.05,0.085
2019-05-01,Stn. XVIII (Pagsanjan),3.0,7.3,8.0,9.2,0.094,0.05,0.098
2019-05-01,Stn. I (Central West Bay),9.0,10.1,9.0,9.0,0.207,0.05,0.134
2019-05-01,Stn. XVII (Sanctuary),2.0,6.6,11.0,8.6,0.079,0.05,0.076
2019-06-01,Stn. II (East Bay),4.0,7.2,19.0,9.1,0.073,0.05,0.195
2019-06-01,Stn. IV (Central Bay),2.0,10.6,24.0,9.2,0.044,0.05,0.252
2019-06-01,Stn. V (Northern West Bay),4.0,7.8,38.0,9.3,0.049,0.05,0.354
2019-06-01,Stn. VIII (South Bay),4.0,8.8,71.0,9.3,0.036,0.05,0.17
2019-06-01,Stn. XV (San Pedro),5.0,11.3,75.0,9.4,0.03,0.05,0.189
2019-06-01,Stn. XVI (Sta. Rosa),4.0,9.8,18.0,9.4,0.034,0.05,0.143
2019-06-01,Stn. XVIII (Pagsanjan),,,,,,,
2019-06-01,Stn. I (Central West Bay),7.0,10.4,19.0,9.4,0.112,0.05,0.298
2019-06-01,Stn. XVII (Sanctuary),4.0,8.1,18.0,9.3,0.028,0.05,0.177
2019-07-01,Stn. II (East Bay),4.0,8.9,19.0,9.1,0.045,0.033,0.131
2019-07-01,Stn. IV (Central Bay),2.0,7.1,24.0,8.3,0.04,0.034,0.318
2019-07-01,Stn. V (Northern West Bay),,,,,,,
2019-07-01,Stn. VIII (South Bay),3.0,7.2,73.0,7.1,0.062,0.029,0.178
2019-07-01,Stn. XV (San Pedro),3.0,7.3,90.0,8.6,0.057,0.033,0.15
2019-07-01,Stn. XVI (Sta. Rosa),4.0,8.1,18.0,8.7,0.06,0.026,0.122
2019-07-01,Stn. XVIII (Pagsanjan),5.0,10.7,19.0,9.6,0.038,0.067,0.048
2019-07-01,Stn. I (Central West Bay),3.0,5.7,19.0,8.2,0.271,0.072,0.329
2019-07-01,Stn. XVII (Sanctuary),2.0,7.0,18.0,8.9,0.043,0.079,0.209
2019-08-01,Stn. II (East Bay),6.0,7.8,54.0,8.3,0.077,0.05,0.088
2019-08-01,Stn. IV (Central Bay),4.0,7.3,24.0,8.3,0.071,0.05,0.189
2019-08-01,Stn. V (Northern West Bay),3.0,7.1,149.0,8.3,0.065,0.05,0.158
2019-08-01,Stn. VIII (South Bay),3.0,7.4,30.0,8.6,0.035,0.05,0.117
2019-08-01,Stn. XV (San Pedro),3.0,6.6,81.0,8.4,0.062,0.05,0.188
2019-08-01,Stn. XVI (Sta. Rosa),6.0,7.1,24.0,8.5,0.053,0.05,0.214
2019-08-01,Stn. XVIII (Pagsanjan),3.0,8.1,25.0,8.1,0.039,0.05,0.027
2019-08-01,Stn. I (Central West Bay),,,,,,,
2019-08-01,Stn. XVII (Sanctuary),3.0,7.7,35.0,8.5,0.042,0.05,0.123
2019-09-01,Stn. II (East Bay),2.0,6.8,73.0,8.5,0.067,0.1,0.039
2019-09-01,Stn. IV (Central Bay),1.0,6.4,32.0,8.1,0.067,0.342,0.089
2019-09-01,Stn. V (Northern West Bay),3.0,7.6,187.0,8.8,0.029,0.05,0.096
2019-09-01,Stn. VIII (South Bay),2.0,8.0,30.0,8.7,0.038,0.05,0.078
2019-09-01,Stn. XV (San Pedro),3.0,6.5,62.0,8.4,0.04,0.05,0.087
2019-09-01,Stn. XVI (Sta. Rosa),2.0,8.4,24.0,9.1,0.016,0.05,0.075
2019-09-01,Stn. XVIII (Pagsanjan),3.0,7.7,25.0,8.6,0.037,0.05,0.019
2019-09-01,Stn. I (Central West Bay),6.0,6.5,75.0,8.0,0.051,0.618,0.122
2019-09-01,Stn. XVII (Sanctuary),2.0,7.4,35.0,8.9,0.05,0.05,0.064
2019-10-01,Stn. II (East Bay),2.0,7.5,96.0,8.8,0.062,0.262,0.045
2019-10-01,Stn. IV (Central Bay),2.0,7.9,32.0,8.5,0.051,0.196,0.084
2019-10-01,Stn. V (Northern West Bay),3.0,7.6,91.0,8.7,0.125,0.05,0.089
2019-10-01,Stn. VIII (South Bay),2.0,7.0,29.0,8.7,0.023,0.05,0.073
2019-10-01,Stn. XV (San Pedro),2.0,6.7,62.0,8.5,0.067,0.05,0.083
2019-10-01,Stn. XVI (Sta. Rosa),2.0,7.7,33.0,8.6,0.005,0.05,0.072
2019-10-01,Stn. XVIII (Pagsanjan),3.0,7.5,24.0,8.6,0.005,0.05,0.033
2019-10-01,Stn. I (Central West Bay),3.0,6.6,102.0,8.5,0.143,0.334,0.101
2019-10-01,Stn. XVII (Sanctuary),3.0,7.9,36.0,9.1,0.005,0.05,0.069
2019-11-01,Stn. II (East Bay),3.0,8.6,32.0,8.9,0.04,0.423,0.051
2019-11-01,Stn. IV (Central Bay),5.0,8.8,23.0,8.8,0.209,0.05,0.078
2019-11-01,Stn. V (Northern West Bay),,,,,,,
2019-11-01,Stn. VIII (South Bay),,,,,,,
2019-11-01,Stn. XV (San Pedro),4.0,6.6,57.0,8.2,0.135,0.05,0.078
2019-11-01,Stn. XVI (Sta. Rosa),6.0,10.0,25.0,9.2,0.014,0.05,0.069
2019-11-01,Stn. XVIII (Pagsanjan),3.0,9.2,19.0,8.9,0.029,0.05,0.047
2019-11-01,Stn. I (Central West Bay),3.0,7.1,32.0,8.5,0.18,0.05,0.08
2019-11-01,Stn. XVII (Sanctuary),5.0,8.4,25.0,8.7,0.027,0.05,0.074
2019-12-01,Stn. II (East Bay),4.0,6.9,31.0,7.8,0.021,0.115,0.056
2019-12-01,Stn. IV (Central Bay),3.0,6.9,31.0,8.2,0.038,0.114,0.073
2019-12-01,Stn. V (Northern West Bay),4.0,7.3,44.0,8.0,0.01,0.504,0.074
2019-12-01,Stn. VIII (South Bay),3.0,7.2,33.0,8.0,0.021,0.151,0.062
2019-12-01,Stn. XV (San Pedro),2.0,6.9,120.0,8.15,0.032,0.17,0.074
2019-12-01,Stn. XVI (Sta. Rosa),3.0,7.2,41.0,7.8,0.021,0.178,0.066
2019-12-01,Stn. XVIII (Pagsanjan),2.0,7.5,49.0,7.8,0.1,0.401,0.06
2019-12-01,Stn. I (Central West Bay),3.0,6.9,58.0,7.8,0.012,0.185,0.059
2019-12-01,Stn. XVII (Sanctuary),3.0,7.3,41.0,8.2,0.012,0.1,0.078
2020-01-01,Stn. II (East Bay),3.0,7.6,23.0,8.2,0.113,0.348,0.062
2020-01-01,Stn. IV (Central Bay),4.0,7.5,32.0,7.9,0.118,0.232,0.067
2020-01-01,Stn. V (Northern West Bay),4.0,7.5,42.0,8.2,0.081,0.207,0.067
2020-01-01,Stn. VIII (South Bay),3.0,7.6,33.0,8.2,0.058,0.25,0.056
2020-01-01,Stn. XV (San Pedro),3.0,7.9,100.0,8.1,0.043,0.385,0.069
2020-01-01,Stn. XVI (Sta. Rosa),4.0,8.3,47.0,8.3,0.05,0.276,0.063
2020-01-01,Stn. XVIII (Pagsanjan),4.0,7.4,80.0,7.7,0.04,0.497,0.074
2020-01-01,Stn. I (Central West Bay),3.0,7.1,44.0,8.0,0.118,0.274,0.038
2020-01-01,Stn. XVII (Sanctuary),3.0,7.1,65.0,8.3,0.095,0.241,0.083
2020-02-01,Stn. II (East Bay),3.0,7.7,23.0,8.2,0.048,0.239,0.061
2020-02-01,Stn. IV (Central Bay),4.0,7.0,32.0,8.2,0.113,0.05,0.071
2020-02-01,Stn. V (Northern West Bay),5.0,8.1,44.0,8.3,0.027,0.418,0.088
2020-02-01,Stn. VIII (South Bay),1.0,8.3,33.0,8.2,0.027,0.146,0.057
2020-02-01,Stn. XV (San Pedro),3.0,7.6,52.0,8.2,0.028,0.05,0.075
2020-02-01,Stn. XVI (Sta. Rosa),3.0,8.0,46.0,8.6,0.03,0.05,0.069
2020-02-01,Stn. XVIII (Pagsanjan),3.0,7.8,77.0,7.9,0.026,0.434,0.034
2020-02-01,Stn. I (Central West Bay),3.0,7.3,66.0,8.0,0.158,0.153,0.087
2020-02-01,Stn. XVII (Sanctuary),1.0,7.7,50.0,8.4,0.036,0.05,0.05
2020-03-01,Stn. II (East Bay),2.0,8.2,31.0,8.7,0.067,0.05,0.095
2020-03-01,Stn. IV (Central Bay),3.0,7.7,25.0,8.6,0.083,0.05,0.032
2020-03-01,Stn. V (Northern West Bay),2.0,7.5,19.0,8.8,0.078,0.05,0.065
2020-03-01,Stn. VIII (South Bay),3.0,8.2,18.0,8.7,0.034,0.05,0.032
2020-03-01,Stn. XV (San Pedro),3.0,8.2,25.0,8.8,0.04,0.05,0.046
2020-03-01,Stn. XVI (Sta. Rosa),3.0,8.6,28.0,8.7,0.055,0.05,0.05
2020-03-01,Stn. XVIII (Pagsanjan),3.0,8.2,29.0,8.6,0.042,0.05,0.017
2020-03-01,Stn. I (Central West Bay),3.0,7.7,36.0,8.7,0.222,0.05,0.055
2020-03-01,Stn. XVII (Sanctuary),3.0,7.8,30.0,8.8,0.04,0.05,0.024
2020-04-01,Stn. II (East Bay),,,,,,,
2020-04-01,Stn. IV (Central Bay),,,,,,,
2020-04-01,Stn. V (Northern West Bay),,,,,,,
2020-04-01,Stn. VIII (South Bay),,,,,,,
2020-04-01,Stn. XV (San Pedro),,,,,,,
2020-04-01,Stn. XVI (Sta. Rosa),,,,,,,
2020-04-01,Stn. XVIII (Pagsanjan),,,,,,,
2020-04-01,Stn. I (Central West Bay),,,,,,,
2020-04-01,Stn. XVII (Sanctuary),,,,,,,
2020-05-01,Stn. II (East Bay),,,,,,,
2020-05-01,Stn. IV (Central Bay),,,,,,,
2020-05-01,Stn. V (Northern West Bay),,,,,,,
2020-05-01,Stn. VIII (South Bay),,,,,,,
2020-05-01,Stn. XV (San Pedro),,,,,,,
2020-05-01,Stn. XVI (Sta. Rosa),,,,,,,
2020-05-01,Stn. XVIII (Pagsanjan),,,,,,,
2020-05-01,Stn. I (Central West Bay),,,,,,,
2020-05-01,Stn. XVII (Sanctuary),,,,,,,
2020-06-01,Stn. II (East Bay),,,,,,,
2020-06-01,Stn. IV (Central Bay),,,,,,,
2020-06-01,Stn. V (Northern West Bay),,,,,,,
2020-06-01,Stn. VIII (South Bay),,,,,,,
2020-06-01,Stn. XV (San Pedro),,,,,,,
2020-06-01,Stn. XVI (Sta. Rosa),,,,,,,
2020-06-01,Stn. XVIII (Pagsanjan),,,,,,,
2020-06-01,Stn. I (Central West Bay),,,,,,,
2020-06-01,Stn. XVII (Sanctuary),,,,,,,
2020-07-01,Stn. II (East Bay),,,,,,,
2020-07-01,Stn. IV (Central Bay),,,,,,,
2020-07-01,Stn. V (Northern West Bay),,,,,,,
2020-07-01,Stn. VIII (South Bay),,,,,,,
2020-07-01,Stn. XV (San Pedro),,,,,,,
2020-07-01,Stn. XVI (Sta. Rosa),,,,,,,
2020-07-01,Stn. XVIII (Pagsanjan),,,,,,,
2020-07-01,Stn. I (Central West Bay),,,,,,,
2020-07-01,Stn. XVII (Sanctuary),,,,,,,
2020-08-01,Stn. II (East Bay),,,,,,,
2020-08-01,Stn. IV (Central Bay),,,,,,,
2020-08-01,Stn. V (Northern West Bay),,,,,,,
2020-08-01,Stn. VIII (South Bay),,,,,,,
2020-08-01,Stn. XV (San Pedro),,,,,,,
2020-08-01,Stn. XVI (Sta. Rosa),,,,,,,
2020-08-01,Stn. XVIII (Pagsanjan),,,,,,,
2020-08-01,Stn. I (Central West Bay),,,,,,,
2020-08-01,Stn. XVII (Sanctuary),,,,,,,
2020-09-01,Stn. II (East Bay),3.0,6.8,18.0,8.7,0.067,0.05,0.04
2020-09-01,Stn. IV (Central Bay),4.0,5.6,20.0,8.3,0.06,0.05,0.074
2020-09-01,Stn. V (Northern West Bay),,,,,,,
2020-09-01,Stn. VIII (South Bay),3.0,9.3,20.0,8.8,0.014,0.05,0.037
2020-09-01,Stn. XV (San Pedro),3.0,8.3,130.0,8.2,0.005,0.05,0.043
2020-09-01,Stn. XVI (Sta. Rosa),4.0,8.2,20.0,9.0,0.005,0.05,0.03
2020-09-01,Stn. XVIII (Pagsanjan),3.0,6.9,18.0,8.2,0.016,0.05,0.018
2020-09-01,Stn. I (Central West Bay),2.0,9.3,20.0,8.8,0.059,0.05,0.06
2020-09-01,Stn. XVII (Sanctuary),3.0,9.9,45.0,8.8,0.005,0.05,0.035
2020-10-01,Stn. II (East Bay),3.0,7.0,20.0,8.5,0.019,0.05,0.049
2020-10-01,Stn. IV (Central Bay),2.0,7.8,45.0,8.8,0.025,0.781,0.097
2020-10-01,Stn. V (Northern West Bay),3.0,7.6,20.0,8.4,0.019,0.05,0.093
2020-10-01,Stn. VIII (South Bay),2.0,7.3,45.0,8.7,0.019,0.05,0.044
2020-10-01,Stn. XV (San Pedro),3.0,7.2,20.0,8.7,0.027,0.05,0.041
2020-10-01,Stn. XVI (Sta. Rosa),3.0,7.3,18.0,8.8,0.011,0.05,0.042
2020-10-01,Stn. XVIII (Pagsanjan),3.0,7.5,20.0,8.2,0.005,0.05,0.04
2020-10-01,Stn. I (Central West Bay),2.0,7.3,20.0,8.8,0.005,0.05,0.065
2020-10-01,Stn. XVII (Sanctuary),4.0,6.8,18.0,8.3,0.019,0.05,0.068
2020-11-01,Stn. II (East Bay),2.5,7.2,25.0,7.9,0.005,0.05,0.086
2020-11-01,Stn. IV (Central Bay),2.0,8.3,45.0,8.4,0.005,0.677,0.027
2020-11-01,Stn. V (Northern West Bay),2.0,7.8,119.5,8.4,0.005,0.05,0.044
2020-11-01,Stn. VIII (South Bay),2.0,6.5,96.5,8.0,0.016,0.05,0.042
2020-11-01,Stn. XV (San Pedro),2.5,6.4,73.0,8.0,0.005,0.05,0.054
2020-11-01,Stn. XVI (Sta. Rosa),2.5,7.2,113.0,7.9,0.005,0.05,0.047
2020-11-01,Stn. XVIII (Pagsanjan),2.5,7.9,35.5,7.7,0.005,0.05,0.061
2020-11-01,Stn. I (Central West Bay),2.0,6.8,43.33,7.9,0.005,0.05,0.029
2020-11-01,Stn. XVII (Sanctuary),3.0,6.7,23.0,8.0,0.005,0.05,0.043
2020-12-01,Stn. II (East Bay),2.0,7.9,30.0,8.0,0.005,0.05,0.083
2020-12-01,Stn. IV (Central Bay),2.0,8.3,45.0,8.2,0.005,0.572,0.064
2020-12-01,Stn. V (Northern West Bay),1.0,7.7,219.0,8.2,0.005,0.05,0.077
2020-12-01,Stn. VIII (South Bay),2.0,8.7,148.0,8.5,0.005,0.05,0.029
2020-12-01,Stn. XV (San Pedro),2.0,8.9,126.0,8.0,0.005,0.05,0.048
2020-12-01,Stn. XVI (Sta. Rosa),2.0,7.3,208.0,8.1,0.005,0.05,0.081
2020-12-01,Stn. XVIII (Pagsanjan),2.0,7.3,51.0,8.1,0.013,0.05,0.063
2020-12-01,Stn. I (Central West Bay),2.0,7.1,45.0,8.0,0.005,0.05,0.066
2020-12-01,Stn. XVII (Sanctuary),2.0,8.3,28.0,8.4,0.005,0.05,0.041
2021-01-01,Stn. II (East Bay),0.5,8.6,65.0,8.2,0.022,0.05,0.077
2021-01-01,Stn. IV (Central Bay),2.0,7.5,45.0,8.2,0.019,0.468,0.072
2021-01-01,Stn. V (Northern West Bay),2.0,7.4,94.0,8.1,0.028,0.05,0.078
2021-01-01,Stn. VIII (South Bay),1.0,8.0,52.0,8.2,0.023,0.05,0.033
2021-01-01,Stn. XV (San Pedro),3.0,7.9,64.0,8.3,0.022,0.05,0.05
2021-01-01,Stn. XVI (Sta. Rosa),3.0,7.9,36.0,8.4,0.028,0.05,0.08
2021-01-01,Stn. XVIII (Pagsanjan),0.5,8.5,78.0,8.0,0.024,0.05,0.053
2021-01-01,Stn. I (Central West Bay),2.0,7.8,30.0,8.3,0.034,0.05,0.068
2021-01-01,Stn. XVII (Sanctuary),2.0,7.9,30.0,8.3,0.023,0.05,0.042
2021-02-01,Stn. II (East Bay),2.0,8.1,69.0,8.0,0.043,0.05,0.071
2021-02-01,Stn. IV (Central Bay),2.0,8.0,34.0,7.9,0.035,0.363,0.079
2021-02-01,Stn. V (Northern West Bay),2.0,7.2,73.0,7.7,0.034,0.05,0.079
2021-02-01,Stn. VIII (South Bay),2.0,8.4,36.0,8.0,0.042,0.05,0.038
2021-02-01,Stn. XV (San Pedro),2.0,8.5,44.0,8.2,0.03,0.05,0.052
2021-02-01,Stn. XVI (Sta. Rosa),2.0,8.1,39.0,8.4,0.03,0.05,0.08
2021-02-01,Stn. XVIII (Pagsanjan),2.0,8.4,37.0,8.2,0.031,0.05,0.042
2021-02-01,Stn. I (Central West Bay),2.0,8.3,26.0,8.1,0.079,0.05,0.069
2021-02-01,Stn. XVII (Sanctuary),2.0,7.7,35.0,8.0,0.045,0.05,0.043
2021-03-01,Stn. II (East Bay),3.0,8.3,60.0,8.4,0.038,0.05,0.066
2021-03-01,Stn. IV (Central Bay),2.0,7.2,49.0,8.3,0.005,0.259,0.087
2021-03-01,Stn. V (Northern West Bay),3.0,7.9,33.0,8.7,0.005,0.05,0.079
2021-03-01,Stn. VIII (South Bay),2.0,8.3,18.0,8.4,0.042,0.05,0.042
2021-03-01,Stn. XV (San Pedro),2.0,8.2,26.0,8.1,0.005,0.05,0.054
2021-03-01,Stn. XVI (Sta. Rosa),5.0,9.6,34.0,8.5,0.014,0.05,0.079
2021-03-01,Stn. XVIII (Pagsanjan),3.0,8.2,30.0,8.6,0.005,0.05,0.032
2021-03-01,Stn. I (Central West Bay),2.0,8.4,30.0,8.7,0.059,0.05,0.071
2021-03-01,Stn. XVII (Sanctuary),2.0,8.1,24.0,8.4,0.005,0.05,0.043
2021-04-01,Stn. II (East Bay),2.5,7.8,39.0,8.4,0.04,0.05,0.06
2021-04-01,Stn. IV (Central Bay),2.0,7.1,51.0,8.35,0.014,0.154,0.094
2021-04-01,Stn. V (Northern West Bay),2.0,7.55,30.0,8.55,0.02,0.05,0.08
2021-04-01,Stn. VIII (South Bay),2.0,8.0,18.0,8.3,0.039,0.05,0.047
2021-04-01,Stn. XV (San Pedro),2.0,7.6,30.0,8.3,0.016,0.05,0.056
2021-04-01,Stn. XVI (Sta. Rosa),,,,,,,
2021-04-01,Stn. XVIII (Pagsanjan),,,,,,,
2021-04-01,Stn. I (Central West Bay),2.5,7.75,37.0,8.55,0.072,0.05,0.072
2021-04-01,Stn. XVII (Sanctuary),,,,,,,
2021-05-01,Stn. II (East Bay),2.0,7.3,19.0,8.4,0.043,0.05,0.054
2021-05-01,Stn. IV (Central Bay),2.0,7.0,51.0,8.4,0.023,0.05,0.102
2021-05-01,Stn. V (Northern West Bay),1.0,7.2,19.0,8.4,0.035,0.05,0.081
2021-05-01,Stn. VIII (South Bay),2.0,7.7,94.0,8.2,0.036,0.05,0.051
2021-05-01,Stn. XV (San Pedro),2.0,7.0,28.0,8.5,0.028,0.05,0.058
2021-05-01,Stn. XVI (Sta. Rosa),2.0,7.1,118.0,8.2,0.026,0.05,0.078
2021-05-01,Stn. XVIII (Pagsanjan),2.0,7.8,19.0,8.0,0.012,0.05,0.021
2021-05-01,Stn. I (Central West Bay),3.0,7.1,35.0,8.4,0.085,0.05,0.074
2021-05-01,Stn. XVII (Sanctuary),2.0,7.6,18.0,8.4,0.011,0.05,0.044
2021-06-01,Stn. II (East Bay),4.0,9.9,40.0,8.2,0.045,0.05,0.034
2021-06-01,Stn. IV (Central Bay),4.0,10.2,49.0,9.0,0.031,0.05,0.086
2021-06-01,Stn. V (Northern West Bay),,,,,,,
2021-06-01,Stn. VIII (South Bay),,,,,,,
2021-06-01,Stn. XV (San Pedro),5.0,10.3,28.0,9.1,0.039,0.114,0.073
2021-06-01,Stn. XVI (Sta. Rosa),5.0,9.6,744.0,8.9,0.038,0.05,0.095
2021-06-01,Stn. XVIII (Pagsanjan),2.0,7.7,38.0,8.9,0.019,0.05,0.043
2021-06-01,Stn. I (Central West Bay),3.0,7.7,106.0,8.7,0.097,0.05,0.052
2021-06-01,Stn. XVII (Sanctuary),4.0,8.3,18.0,9.0,0.016,0.05,0.078
2021-07-01,Stn. II (East Bay),0.5,7.9,50.0,8.9,0.047,0.05,0.069
2021-07-01,Stn. IV (Central Bay),2.0,7.1,35.0,8.5,0.04,0.124,0.151
2021-07-01,Stn. V (Northern West Bay),4.0,8.1,19.0,9.1,0.064,0.05,0.137
2021-07-01,Stn. VIII (South Bay),2.0,7.8,54.0,8.8,0.03,0.05,0.084
2021-07-01,Stn. XV (San Pedro),3.0,7.8,47.0,9.1,0.05,0.05,0.137
2021-07-01,Stn. XVI (Sta. Rosa),2.0,7.1,634.0,8.8,0.05,0.05,0.114
2021-07-01,Stn. XVIII (Pagsanjan),2.0,8.1,40.0,9.6,0.026,0.05,0.075
2021-07-01,Stn. I (Central West Bay),2.0,8.1,59.0,8.9,0.11,0.05,0.11
2021-07-01,Stn. XVII (Sanctuary),2.0,8.5,18.0,8.9,0.022,0.05,0.102
2021-08-01,Stn. II (East Bay),1.0,7.2,106.0,8.2,0.03,0.57,0.04
2021-08-01,Stn. IV (Central Bay),2.0,7.2,55.0,8.9,0.03,0.31,0.13
2021-08-01,Stn. V (Northern West Bay),1.0,7.8,125.0,8.4,0.03,0.29,0.12
2021-08-01,Stn. VIII (South Bay),0.5,7.4,8.0,8.7,0.03,0.05,0.05
2021-08-01,Stn. XV (San Pedro),1.0,7.9,167.0,8.7,0.03,0.17,0.09
2021-08-01,Stn. XVI (Sta. Rosa),,,,,,,
2021-08-01,Stn. XVIII (Pagsanjan),2.0,8.0,122.0,7.4,0.03,0.24,0.04
2021-08-01,Stn. I (Central West Bay),3.0,7.0,268.0,8.2,0.03,1.13,0.12
2021-08-01,Stn. XVII (Sanctuary),,,,,,,
2021-09-01,Stn. II (East Bay),2.0,7.6,62.0,8.8,0.07,0.45,0.06
2021-09-01,Stn. IV (Central Bay),3.0,7.9,30.0,9.1,0.03,0.31,0.09
2021-09-01,Stn. V (Northern West Bay),1.5,9.3,287.0,9.0,0.02,0.21,0.12
2021-09-01,Stn. VIII (South Bay),1.25,8.0,14.0,8.9,0.03,0.27,0.08
2021-09-01,Stn. XV (San Pedro),2.5,5.4,123.0,8.3,0.11,0.31,0.15
2021-09-01,Stn. XVI (Sta. Rosa),,,,,,,
2021-09-01,Stn. XVIII (Pagsanjan),2.0,7.9,96.0,9.2,0.07,0.14,0.01
2021-09-01,Stn. I (Central West Bay),3.0,6.8,85.0,9.2,0.07,0.3,0.03
2021-09-01,Stn. XVII (Sanctuary),2.5,9.1,18.0,9.6,0.07,0.13,0.1
2021-10-01,Stn. II (East Bay),3.0,7.8,114.0,7.7,0.05,0.05,0.08
2021-10-01,Stn. IV (Central Bay),4.0,7.3,31.0,7.8,0.01,0.05,0.14
2021-10-01,Stn. V (Northern West Bay),2.0,7.6,432.0,8.3,0.02,0.05,0.17
2021-10-01,Stn. VIII (South Bay),2.0,7.6,14.0,7.7,0.01,0.05,0.1
2021-10-01,Stn. XV (San Pedro),4.0,6.4,123.0,7.6,0.02,0.14,0.14
2021-10-01,Stn. XVI (Sta. Rosa),,,,,,,
2021-10-01,Stn. XVIII (Pagsanjan),2.0,7.0,115.0,7.7,0.02,0.05,0.02
2021-10-01,Stn. I (Central West Bay),,,,,,,
2021-10-01,Stn. XVII (Sanctuary),3.0,7.7,19.0,8.0,0.04,0.05,0.12
2021-11-01,Stn. II (East Bay),,,,,,,
2021-11-01,Stn. IV (Central Bay),2.0,7.2,20.0,7.9,0.005,0.18,0.18
2021-11-01,Stn. V (Northern West Bay),3.0,6.9,67.0,8.2,0.005,0.05,0.16
2021-11-01,Stn. VIII (South Bay),2.0,7.5,41.0,8.1,0.005,0.05,0.15
2021-11-01,Stn. XV (San Pedro),4.0,7.3,36.0,8.3,0.005,0.05,0.16
2021-11-01,Stn. XVI (Sta. Rosa),3.0,7.3,442.0,8.2,0.005,0.18,0.17
2021-11-01,Stn. XVIII (Pagsanjan),3.0,7.7,62.0,8.0,0.005,0.05,0.08
2021-11-01,Stn. I (Central West Bay),1.0,6.8,46.0,8.1,0.07,0.05,0.18
2021-11-01,Stn. XVII (Sanctuary),2.0,7.2,19.0,8.0,0.005,0.27,0.18
2021-12-01,Stn. II (East Bay),2.0,7.5,56.0,8.4,0.059,0.25,0.15
2021-12-01,Stn. IV (Central Bay),3.0,7.4,19.0,8.2,0.01,0.38,0.18
2021-12-01,Stn. V (Northern West Bay),2.0,7.0,30.0,8.1,0.039,0.66,0.24
2021-12-01,Stn. VIII (South Bay),2.0,7.9,24.0,8.3,0.011,0.305,0.18
2021-12-01,Stn. XV (San Pedro),1.0,7.5,36.0,8.2,0.005,0.21,0.18
2021-12-01,Stn. XVI (Sta. Rosa),4.0,7.6,107.0,8.2,0.015,0.29,0.22
2021-12-01,Stn. XVIII (Pagsanjan),2.0,7.7,112.0,8.2,0.01,0.13,0.12
2021-12-01,Stn. I (Central West Bay),3.0,7.4,46.0,8.3,0.209,0.38,0.22
2021-12-01,Stn. XVII (Sanctuary),2.0,7.3,20.0,8.1,0.012,0.34,0.19
2022-01-01,Stn. II (East Bay),,,,,,,
2022-01-01,Stn. IV (Central Bay),,,,,,,
2022-01-01,Stn. V (Northern West Bay),,,,,,,
2022-01-01,Stn. VIII (South Bay),,,,,,,
2022-01-01,Stn. XV (San Pedro),,,,,,,
2022-01-01,Stn. XVI (Sta. Rosa),,,,,,,
2022-01-01,Stn. XVIII (Pagsanjan),,,,,,,
2022-01-01,Stn. I (Central West Bay),,,,,,,
2022-01-01,Stn. XVII (Sanctuary),,,,,,,
2022-02-01,Stn. II (East Bay),2.0,7.5,51.0,8.4,0.168,0.394,0.241
2022-02-01,Stn. IV (Central Bay),2.0,7.4,18.0,8.2,0.265,0.527,0.21
2022-02-01,Stn. V (Northern West Bay),2.0,8.0,19.0,8.5,0.289,0.351,0.173
2022-02-01,Stn. VIII (South Bay),2.0,7.7,19.0,8.4,0.211,0.431,0.069
2022-02-01,Stn. XV (San Pedro),2.0,7.6,19.0,8.3,0.207,0.44,0.1
2022-02-01,Stn. XVI (Sta. Rosa),3.0,7.8,19.0,8.3,0.199,0.636,0.14
2022-02-01,Stn. XVIII (Pagsanjan),3.0,7.4,68.0,8.2,0.168,0.379,0.1
2022-02-01,Stn. I (Central West Bay),,,,,,,
2022-02-01,Stn. XVII (Sanctuary),2.0,7.6,20.0,8.3,0.196,0.48,0.17
2022-03-01,Stn. II (East Bay),3.0,7.6,76.0,8.2,0.02,0.03,0.1
2022-03-01,Stn. IV (Central Bay),2.0,7.0,28.0,8.0,0.04,0.01,0.14
2022-03-01,Stn. V (Northern West Bay),3.0,7.6,18.0,8.3,0.02,0.005,0.17
2022-03-01,Stn. VIII (South Bay),2.0,7.6,18.0,8.2,0.01,0.005,0.1
2022-03-01,Stn. XV (San Pedro),3.0,7.2,30.0,8.0,0.005,0.005,0.16
2022-03-01,Stn. XVI (Sta. Rosa),3.0,7.3,18.0,8.1,0.01,0.005,0.13
2022-03-01,Stn. XVIII (Pagsanjan),2.0,7.6,19.0,8.1,0.005,0.005,0.05
2022-03-01,Stn. I (Central West Bay),3.0,6.8,35.0,7.9,0.07,0.02,0.14
2022-03-01,Stn. XVII (Sanctuary),2.0,7.3,19.0,8.2,0.23,0.005,0.13
2022-04-01,Stn. II (East Bay),3.0,7.8,47.0,8.1,0.02,0.04,0.11
2022-04-01,Stn. IV (Central Bay),2.0,7.3,24.0,8.3,0.02,0.05,0.15
2022-04-01,Stn. V (Northern West Bay),5.0,8.1,24.0,8.7,0.01,0.04,0.21
2022-04-01,Stn. VIII (South Bay),3.0,7.7,18.0,8.1,0.03,0.01,0.14
2022-04-01,Stn. XV (San Pedro),2.0,7.4,26.0,8.3,0.01,0.02,0.14
2022-04-01,Stn. XVI (Sta. Rosa),2.0,7.6,18.0,8.3,0.01,0.01,0.12
2022-04-01,Stn. XVIII (Pagsanjan),3.0,8.1,19.0,8.2,0.01,0.01,0.09
2022-04-01,Stn. I (Central West Bay),3.0,7.3,28.0,8.2,0.03,0.02,0.16
2022-04-01,Stn. XVII (Sanctuary),2.0,7.2,19.0,8.4,0.01,0.02,0.15
2022-05-01,Stn. II (East Bay),2.0,7.3,47.0,8.2,0.02,0.03,0.12
2022-05-01,Stn. IV (Central Bay),2.0,7.8,52.0,8.4,0.01,0.01,0.16
2022-05-01,Stn. V (Northern West Bay),2.0,7.2,24.0,8.3,0.01,0.01,0.15
2022-05-01,Stn. VIII (South Bay),2.0,7.5,33.0,8.2,0.02,0.02,0.13
2022-05-01,Stn. XV (San Pedro),4.0,6.8,34.0,8.1,0.01,0.01,0.13
2022-05-01,Stn. XVI (Sta. Rosa),3.0,6.6,29.0,8.1,0.01,0.07,0.13
2022-05-01,Stn. XVIII (Pagsanjan),5.0,8.2,28.0,8.5,0.01,0.01,0.067
2022-05-01,Stn. I (Central West Bay),2.0,6.8,26.0,8.2,0.01,0.03,0.14
2022-05-01,Stn. XVII (Sanctuary),3.0,7.9,34.0,8.5,0.01,0.01,0.15
2022-06-01,Stn. II (East Bay),4.0,6.4,47.0,9.0,0.02,0.01,0.1
2022-06-01,Stn. IV (Central Bay),4.0,8.6,39.0,9.1,0.01,0.01,0.25
2022-06-01,Stn. V (Northern West Bay),,,,,,,
2022-06-01,Stn. VIII (South Bay),5.0,7.9,33.0,8.8,0.01,0.22,0.2
2022-06-01,Stn. XV (San Pedro),4.0,7.8,26.0,8.9,0.01,0.01,0.17
2022-06-01,Stn. XVI (Sta. Rosa),4.0,7.2,29.0,8.9,0.01,0.01,0.2
2022-06-01,Stn. XVIII (Pagsanjan),5.0,8.7,28.0,9.2,0.02,0.01,0.043
2022-06-01,Stn. I (Central West Bay),4.0,7.0,18.0,9.0,0.02,0.01,0.3
2022-06-01,Stn. XVII (Sanctuary),5.0,9.6,34.0,9.1,0.01,0.01,0.26
2022-07-01,Stn. II (East Bay),5.0,10.4,47.0,9.3,0.13,0.005,0.13
2022-07-01,Stn. IV (Central Bay),6.0,10.6,64.0,9.4,0.04,0.005,0.33
2022-07-01,Stn. V (Northern West Bay),,,,,,,
2022-07-01,Stn. VIII (South Bay),,,,,,,
2022-07-01,Stn. XV (San Pedro),4.0,9.0,34.0,8.9,0.08,0.005,0.2
2022-07-01,Stn. XVI (Sta. Rosa),4.0,7.6,88.0,8.3,0.11,0.005,0.21
2022-07-01,Stn. XVIII (Pagsanjan),5.0,10.6,29.0,9.2,0.02,0.005,0.02
2022-07-01,Stn. I (Central West Bay),5.0,8.8,19.0,9.4,0.09,0.005,0.28
2022-07-01,Stn. XVII (Sanctuary),6.0,9.5,34.0,9.4,0.02,0.005,0.28
2022-08-01,Stn. II (East Bay),3.0,6.4,25.0,8.0,0.02,0.05,0.28
2022-08-01,Stn. IV (Central Bay),8.0,11.0,30.0,8.9,0.06,0.05,0.28
2022-08-01,Stn. V (Northern West Bay),4.0,8.3,102.0,8.5,0.23,0.05,0.26
2022-08-01,Stn. VIII (South Bay),3.0,8.1,29.0,8.8,0.02,0.1,0.22
2022-08-01,Stn. XV (San Pedro),,,,,,,
2022-08-01,Stn. XVI (Sta. Rosa),3.0,7.8,143.0,8.5,0.02,0.05,0.22
2022-08-01,Stn. XVIII (Pagsanjan),6.0,8.6,19.0,8.9,0.03,0.1,0.02
2022-08-01,Stn. I (Central West Bay),,,,,,,
2022-08-01,Stn. XVII (Sanctuary),3.0,8.2,19.0,8.7,0.02,0.05,0.24
2022-09-01,Stn. II (East Bay),2.0,8.2,39.0,8.0,0.07,0.1,0.05
2022-09-01,Stn. IV (Central Bay),2.0,6.9,40.0,7.8,0.1,0.37,0.15
2022-09-01,Stn. V (Northern West Bay),2.0,10.1,166.0,8.6,0.03,0.12,0.18
2022-09-01,Stn. VIII (South Bay),,,,,,,
2022-09-01,Stn. XV (San Pedro),,,,,,,
2022-09-01,Stn. XVI (Sta. Rosa),3.0,7.7,595.0,8.0,0.03,0.05,0.15
2022-09-01,Stn. XVIII (Pagsanjan),3.0,9.4,37.0,8.3,0.06,0.05,0.12
2022-09-01,Stn. I (Central West Bay),3.0,7.1,44.0,7.9,0.07,0.61,0.14
2022-09-01,Stn. XVII (Sanctuary),4.0,9.2,48.0,8.7,0.04,0.05,0.05
2022-10-01,Stn. II (East Bay),2.0,6.6,228.0,7.6,0.02,0.2,0.09
2022-10-01,Stn. IV (Central Bay),2.0,6.3,86.0,7.7,0.005,0.58,0.15
2022-10-01,Stn. V (Northern West Bay),2.0,6.4,236.0,7.7,0.005,0.47,0.15
2022-10-01,Stn. VIII (South Bay),2.0,7.4,91.0,8.1,0.005,0.11,0.09
2022-10-01,Stn. XV (San Pedro),,,,,,,
2022-10-01,Stn. XVI (Sta. Rosa),3.0,6.8,322.0,7.7,0.005,0.06,0.1
2022-10-01,Stn. XVIII (Pagsanjan),2.0,7.9,70.0,7.4,0.005,0.05,0.03
2022-10-01,Stn. I (Central West Bay),2.0,5.8,282.0,7.5,0.03,1.0,0.13
2022-10-01,Stn. XVII (Sanctuary),2.0,6.6,93.0,7.8,0.005,0.36,0.13
2022-11-01,Stn. II (East Bay),2.0,6.9,359.0,7.3,0.18,0.47,0.09
2022-11-01,Stn. IV (Central Bay),,,,,,,
2022-11-01,Stn. V (Northern West Bay),2.0,8.1,150.0,8.0,0.01,0.39,0.1
2022-11-01,Stn. VIII (South Bay),1.0,7.8,255.0,7.7,0.005,0.54,0.11
2022-11-01,Stn. XV (San Pedro),,,,,,,
2022-11-01,Stn. XVI (Sta. Rosa),2.0,7.2,258.0,7.6,0.02,0.64,0.13
2022-11-01,Stn. XVIII (Pagsanjan),3.0,7.2,123.0,7.0,0.01,0.38,0.08
2022-11-01,Stn. I (Central West Bay),3.0,6.5,220.0,7.5,0.04,0.48,0.098
2022-11-01,Stn. XVII (Sanctuary),2.0,8.1,93.0,8.0,0.04,0.41,0.1
2022-12-01,Stn. II (East Bay),2.0,7.0,329.0,7.6,0.02,0.44,0.14
2022-12-01,Stn. IV (Central Bay),2.0,7.3,320.0,7.8,0.005,0.48,0.13
2022-12-01,Stn. V (Northern West Bay),1.0,7.2,95.0,7.3,0.05,0.57,0.16
2022-12-01,Stn. VIII (South Bay),2.0,7.1,255.0,7.1,0.005,0.45,0.14
2022-12-01,Stn. XV (San Pedro),1.0,7.1,170.0,7.8,0.005,0.58,0.15
2022-12-01,Stn. XVI (Sta. Rosa),2.0,6.6,62.0,7.6,0.02,0.54,0.14
2022-12-01,Stn. XVIII (Pagsanjan),3.0,7.8,147.0,7.4,0.23,0.14,0.06
2022-12-01,Stn. I (Central West Bay),2.0,6.9,220.0,7.1,0.005,0.76,0.15
2022-12-01,Stn. XVII (Sanctuary),,,,,,,
